timestamp,PacketInRate,FlowCreationRate,SourceIPEntropy,MeanIAT,Jitter,FlowTableOccupancy,ControllerRequestRate,HalfOpenTCPRatio,DataPlanePacketRate
1791259924.070,8.00,0.00,0.0000,0.000000,0.000000,0,8.00,,0.00
1791259925.070,14.00,0.00,0.0000,0.000000,0.000000,1,14.00,,0.00
1791259926.070,4.00,0.00,0.0000,0.000000,0.000000,1,4.00,,14.00
1791259927.070,0.00,0.00,0.0000,0.000000,0.000000,1,0.00,,4.00
1791259928.070,1.00,0.00,0.0000,0.000000,0.000000,1,1.00,,0.00
1791259929.070,3.00,0.00,0.0000,0.000000,0.000000,1,3.00,,1.00
1791259930.070,2.00,0.00,0.0000,0.000000,0.000000,1,2.00,,3.00
1791259931.070,0.00,0.00,0.0000,0.000000,0.000000,1,0.00,,2.00
1791259932.070,0.00,0.00,0.0000,0.000000,0.000000,1,0.00,,0.00
1791259933.070,0.00,0.00,0.0000,0.000000,0.000000,1,0.00,,0.00
1791259934.070,0.00,0.00,0.0000,0.000000,0.000000,1,0.00,,0.00
1791259935.070,0.00,0.00,0.0000,0.000000,0.000000,1,0.00,,0.00
1791259936.070,1.00,0.00,0.0000,0.000000,0.000000,1,1.00,,0.00
1791259937.070,2.00,0.00,0.0000,0.000000,0.000000,1,2.00,,0.00
1791259938.070,3.00,0.00,0.0000,0.000000,0.000000,1,3.00,,2.00
1791259939.070,0.00,0.00,0.0000,0.000000,0.000000,1,0.00,,2.00
1791259940.070,0.00,0.00,0.0000,0.000000,0.000000,1,0.00,,2.00
1791259941.070,0.00,0.00,0.0000,0.000000,0.000000,1,0.00,,0.00
1791259942.070,0.00,0.00,0.0000,0.000000,0.000000,1,0.00,,0.00
1791259943.070,0.00,0.00,0.0000,0.000000,0.000000,1,0.00,,0.00
1791259944.070,0.00,0.00,0.0000,0.000000,0.000000,1,0.00,,0.00
1791259945.070,0.00,0.00,0.0000,0.000000,0.000000,1,0.00,,0.00
1791259946.070,0.00,0.00,0.0000,0.000000,0.000000,1,0.00,,0.00
1791259947.070,0.00,0.00,0.0000,0.000000,0.000000,1,0.00,,0.00
1791259948.070,0.00,0.00,0.0000,0.000000,0.000000,1,0.00,,0.00
1791259949.070,0.00,0.00,0.0000,0.000000,0.000000,1,0.00,,0.00
1791259950.070,0.00,0.00,0.0000,0.000000,0.000000,1,0.00,,0.00
1791259951.070,0.00,0.00,0.0000,0.000000,0.000000,1,0.00,,0.00
1791259952.070,2.00,0.00,0.0000,0.000000,0.000000,1,2.00,,0.00
1791259953.070,0.00,0.00,0.0000,0.000000,0.000000,1,0.00,,2.00
1791259954.070,1.00,0.00,0.0000,0.000000,0.000000,1,1.00,,0.00
1791259955.070,2.00,0.00,0.0000,0.000000,0.000000,1,2.00,,1.00
1791259956.070,1.00,0.00,0.0000,0.000000,0.000000,1,1.00,,2.00
1791259957.070,0.00,0.00,0.0000,0.000000,0.000000,1,0.00,,1.00
1791259958.070,0.00,0.00,0.0000,0.000000,0.000000,1,0.00,,0.00
1791259959.070,9.00,6.00,1.9749,0.061165,0.153069,1,9.00,,0.00
1791259960.070,0.00,0.00,0.0000,0.000000,0.000000,7,0.00,,14.00
1791259961.070,3.00,2.00,0.9183,0.506953,0.713655,7,3.00,,28.00
1791259962.070,0.00,0.00,0.0000,0.000000,0.000000,9,0.00,,45.00
1791259963.070,0.00,0.00,0.0000,0.000000,0.000000,9,0.00,,78.00
1791259964.070,0.00,0.00,0.0000,0.000000,0.000000,9,0.00,,103.00
1791259965.070,0.00,0.00,0.0000,0.000000,0.000000,9,0.00,,61.00
1791259966.070,0.00,0.00,0.0000,0.000000,0.000000,9,0.00,,135.00
1791259967.070,0.00,0.00,0.0000,0.000000,0.000000,9,0.00,,153.00
1791259968.070,0.00,0.00,0.0000,0.000000,0.000000,9,0.00,,153.00
1791259969.070,0.00,0.00,0.0000,0.000000,0.000000,9,0.00,,140.00
1791259970.070,0.00,0.00,0.0000,0.000000,0.000000,9,0.00,,56.00
1791259971.070,0.00,0.00,0.0000,0.000000,0.000000,9,0.00,,0.00
1791259972.070,0.00,0.00,0.0000,0.000000,0.000000,9,0.00,,0.00
1791259973.070,0.00,0.00,0.0000,0.000000,0.000000,9,0.00,,0.00
1791259974.070,0.00,0.00,0.0000,0.000000,0.000000,9,0.00,,51.00
1791259975.070,0.00,0.00,0.0000,0.000000,0.000000,9,0.00,,92.00
1791259976.070,0.00,0.00,0.0000,0.000000,0.000000,9,0.00,,120.00
1791259977.070,0.00,0.00,0.0000,0.000000,0.000000,9,0.00,,149.00
1791259978.070,0.00,0.00,0.0000,0.000000,0.000000,9,0.00,,165.00
1791259979.070,0.00,0.00,0.0000,0.000000,0.000000,9,0.00,,164.00
1791259980.070,0.00,0.00,0.0000,0.000000,0.000000,9,0.00,,159.00
1791259981.070,0.00,0.00,0.0000,0.000000,0.000000,9,0.00,,159.00
1791259982.070,0.00,0.00,0.0000,0.000000,0.000000,9,0.00,,159.00
1791259983.070,1.00,0.00,0.0000,0.000000,0.000000,9,1.00,,159.00
1791259984.070,1.00,0.00,0.0000,0.000000,0.000000,9,1.00,,149.00
1791259985.070,0.00,0.00,0.0000,0.000000,0.000000,9,0.00,,117.00
1791259986.070,0.00,0.00,0.0000,0.000000,0.000000,9,0.00,,46.00
1791259987.070,0.00,0.00,0.0000,0.000000,0.000000,9,0.00,,0.00
1791259988.070,0.00,0.00,0.0000,0.000000,0.000000,9,0.00,,0.00
1791259989.070,0.00,0.00,0.0000,0.000000,0.000000,9,0.00,,0.00
1791259990.070,1.00,0.00,0.0000,0.000000,0.000000,9,1.00,,62.00
1791259991.070,0.00,0.00,0.0000,0.000000,0.000000,9,0.00,,88.00
1791259992.070,0.00,0.00,0.0000,0.000000,0.000000,9,0.00,,72.00
1791259993.070,0.00,0.00,0.0000,0.000000,0.000000,9,0.00,,24.00
1791259994.070,3.00,0.00,0.0000,0.000000,0.000000,9,3.00,,0.00
1791259995.070,0.00,0.00,0.0000,0.000000,0.000000,9,0.00,,5.00
1791259996.070,0.00,0.00,0.0000,0.000000,0.000000,9,0.00,,0.00
1791259997.070,0.00,0.00,0.0000,0.000000,0.000000,9,0.00,,2.00
1791259998.070,0.00,0.00,0.0000,0.000000,0.000000,9,0.00,,0.00
1791259999.070,0.00,0.00,0.0000,0.000000,0.000000,9,0.00,,0.00
1791260000.070,0.00,0.00,0.0000,0.000000,0.000000,9,0.00,,0.00
1791260001.070,0.00,0.00,0.0000,0.000000,0.000000,9,0.00,,0.00
1791260002.070,0.00,0.00,0.0000,0.000000,0.000000,9,0.00,,0.00
1791260003.070,0.00,0.00,0.0000,0.000000,0.000000,9,0.00,,0.00
1791260004.070,0.00,0.00,0.0000,0.000000,0.000000,9,0.00,,0.00
1791260005.070,0.00,0.00,0.0000,0.000000,0.000000,9,0.00,,0.00
1791260006.070,0.00,0.00,0.0000,0.000000,0.000000,9,0.00,,0.00
1791260007.070,0.00,0.00,0.0000,0.000000,0.000000,9,0.00,,0.00
1791260008.070,0.00,0.00,0.0000,0.000000,0.000000,9,0.00,,0.00
1791260009.070,0.00,0.00,0.0000,0.000000,0.000000,9,0.00,,0.00
1791260010.070,0.00,0.00,0.0000,0.000000,0.000000,9,0.00,,0.00
1791260011.070,0.00,0.00,0.0000,0.000000,0.000000,9,0.00,,0.00
1791260012.070,0.00,0.00,0.0000,0.000000,0.000000,9,0.00,,0.00
1791260013.070,0.00,0.00,0.0000,0.000000,0.000000,9,0.00,,0.00
1791260014.070,0.00,0.00,0.0000,0.000000,0.000000,9,0.00,,0.00
1791260015.070,0.00,0.00,0.0000,0.000000,0.000000,9,0.00,,0.00
1791260016.070,0.00,0.00,0.0000,0.000000,0.000000,9,0.00,,0.00
1791260017.070,0.00,0.00,0.0000,0.000000,0.000000,9,0.00,,0.00
1791260018.070,0.00,0.00,0.0000,0.000000,0.000000,9,0.00,,0.00
1791260019.070,0.00,0.00,0.0000,0.000000,0.000000,9,0.00,,0.00
1791260020.070,0.00,0.00,0.0000,0.000000,0.000000,9,0.00,,0.00
1791260021.070,0.00,0.00,0.0000,0.000000,0.000000,9,0.00,,0.00
1791260022.070,0.00,0.00,0.0000,0.000000,0.000000,9,8.00,,0.00
1791260023.070,0.00,0.00,0.0000,0.000000,0.000000,9,0.00,,0.00
1791260024.070,0.00,0.00,0.0000,0.000000,0.000000,9,0.00,,0.00
1791260025.070,0.00,0.00,0.0000,0.000000,0.000000,9,0.00,,0.00
1791260026.070,0.00,0.00,0.0000,0.000000,0.000000,9,0.00,,0.00
1791260027.070,0.00,0.00,0.0000,0.000000,0.000000,9,0.00,,0.00
